{"cameraMode":{"drawMode":0,"name":"Shaded","section":"Shading Mode"},"sceneLighting":true,"audioPlay":false,"sceneViewState":{"showFog":true,"showMaterialUpdate":false,"showSkybox":true,"showFlares":true,"showImageEffects":true,"showParticleSystems":true},"in2DMode":false,"pivot":{"x":-3.754770517349243,"y":3.5383596420288088,"z":-6.0247721672058109},"rotation":{"x":-0.2698971629142761,"y":0.013574598357081414,"z":-0.0038030818104743959,"w":-0.962803065776825},"size":4.92014217376709,"orthographic":false}